Heat/Lot ID,Temp (C),Stress (MPa),Life (h)
24085,565.56,206.84,2373.2
24085,565.56,241.32,2735.4
24085,648.89,172.37,645
24085,648.89,155.13,2634
24085,648.89,137.9,5656
24085,648.89,117.21,13830
24085,704.44,110.32,365
24085,704.44,103.42,540.4
24085,704.44,82.74,2303
24085,871.11,41.37,112.8
24085,871.11,31.03,594.6
24085,871.11,27.58,1021.9
24085,871.11,20.68,3201
346544,537.78,317.16,120.1
346544,537.78,317.16,139.3
346544,593.33,206.84,356.1
346544,593.33,206.84,431
346544,871.11,34.47,222.1
346544,871.11,27.58,747
346544,871.11,20.68,3154
535639,537.78,241.32,6401
535639,593.33,275.79,156.4
535639,593.33,241.32,164.7
535639,593.33,172.37,719.3
535639,593.33,206.84,941.6
535639,593.33,206.84,1271
535639,593.33,137.9,1673
535639,593.33,137.9,1681.7
535639,593.33,172.37,2928
535639,593.33,155.13,2987
535639,648.89,206.84,119.8
535639,648.89,172.37,344.7
535639,648.89,137.9,3034
600413m,537.78,317.16,252.6
600413m,593.33,241.32,325.9
600413m,593.33,137.9,1959
600413m,593.33,117.21,117148
600413m,648.89,172.37,340
600414an,593.33,241.32,119.5
600414an,593.33,241.32,415.6
600414an,593.33,206.84,1795
600414an,593.33,117.21,93951.6
600414an,648.89,172.37,266.3
8043813-ann-1900F,648.89,172.37,104
8043813-ann-1900F,648.89,151.68,577
8043813-ann-1900F,648.89,137.9,1642
8043813-ann-1950F,537.78,344.74,348
8043813-ann-1950F,537.78,310.26,837
8043813-ann-1950F,593.33,241.32,287
8043813-ann-1950F,593.33,227.53,723
8043813-ann-1950F,593.33,220.63,1570
8043813-ann-1950F,593.33,206.84,3184
8043813-mill,648.89,172.37,298.7
8043813-mill,648.89,155.13,1072
8043813-mill,704.44,117.21,178
9T2796-ann-1in. plate,482.22,379.21,668
9T2796-ann-1in. plate,482.22,344.74,884
9T2796-ann-1in. plate,482.22,310.26,3621
9T2796-ann-1in. plate,510,344.74,122.1
9T2796-ann-1in. plate,510,310.26,269
9T2796-ann-1in. plate,510,275.79,655
9T2796-ann-1in. plate,510,241.32,3511
9T2796-ann-1in. plate,537.78,275.79,139.7
9T2796-ann-1in. plate,537.78,275.79,162.8
9T2796-ann-1in. plate,537.78,241.32,350.4
9T2796-ann-1in. plate,537.78,241.32,594.8
9T2796-ann-1in. plate,537.78,206.84,2219
9T2796-ann-1in. plate,565.56,241.32,114.5
9T2796-ann-1in. plate,565.56,206.84,419.9
9T2796-ann-1in. plate,565.56,172.37,2054
9T2796-ann-1in. plate,593.33,413.69,110.8
9T2796-ann-1in. plate,593.33,155.13,440
9T2796-ann-1in. plate,593.33,172.37,505
9T2796-ann-1in. plate,593.33,172.37,553
9T2796-ann-1in. plate,593.33,172.37,619
9T2796-ann-1in. plate,593.33,155.13,878
9T2796-ann-1in. plate,593.33,146.51,1063
9T2796-ann-1in. plate,593.33,137.9,1230
9T2796-ann-1in. plate,593.33,155.13,1247
9T2796-ann-1in. plate,593.33,120.66,15500
9T2796-ann-1in. plate,593.33,120.66,15500
9T2796-ann-1in. plate,621.11,172.37,119
9T2796-ann-1in. plate,621.11,172.37,119
9T2796-ann-1in. plate,621.11,137.9,649
9T2796-ann-1in. plate,621.11,137.9,649
9T2796-ann-1in. plate,621.11,120.66,2635
9T2796-ann-1in. plate,621.11,103.42,4596
9T2796-ann-1in. plate,621.11,103.42,4596
9T2796-ann-1in. plate,621.11,86.18,31527
9T2796-ann-2in. Plate,482.22,206.84,34964
9T2796-ann-2in. Plate,537.78,137.9,30763
9T2796-ann-2in. Plate,593.33,172.37,244.1
9T2796-ann-2in. Plate,593.33,172.37,291
9T2796-ann-2in. Plate,593.33,172.37,294
9T2796-ann-2in. Plate,593.33,172.37,423
9T2796-ann-2in. Plate,593.33,172.37,453
9T2796-ann-2in. Plate,593.33,124.11,4544
9T2796-ann-2in. Plate,593.33,110.32,14647
9T2796-ann-2in. Plate,593.33,82.74,100417
9T2796-ann-5/8in.,648.89,172.37,104
9T2796-ann-5/8in.,648.89,172.37,298.7
9T2796-ann-5/8in.,648.89,151.68,577
9T2796-ann-5/8in.,648.89,155.13,1072
9T2796-ann-5/8in.,648.89,137.9,1642
9T2796-ann-5/8in.,704.44,117.21,178
A 9-209,565.56,186.16,1396.8
A 9-209,565.56,158.58,4279.2
A 9-209,565.56,137.9,12019
A 9-209,648.89,137.9,139.3
A 9-209,648.89,113.76,698.6
A 9-209,648.89,89.63,3734.2
A 9-209,648.89,75.84,14292.7
A 9-21a,482.22,359.91,216.4
A 9-21a,482.22,359.91,216.4
A 9-21a,482.22,344.74,464.7
A 9-21a,482.22,344.74,464.7
A 9-21a,482.22,324.05,814
A 9-21a,482.22,324.05,814
A 9-21a,565.56,220.63,216
A 9-21a,565.56,220.63,216
A 9-21a,565.56,193.05,915.7
A 9-21a,565.56,193.05,915.7
A 9-21a,648.89,131,234.5
A 9-21a,648.89,113.76,598.2
A 9-21a,704.44,68.95,871.7
A 9-21a,760,55.16,225.7
A 9-21a,815.56,41.37,152.9
A 9-21a,815.56,30.34,588.3
A 9-21a,871.11,24.13,209.7
A 9-21a,871.11,17.24,918.2
A 9-22,565.56,227.53,135
A 9-22,565.56,179.26,732
A 9-22,565.56,172.37,1051
A 9-22,648.89,131,1510
A 9-335,593.33,165.47,202
A 9-335,593.33,137.9,506
A 9-335,593.33,110.32,3247
A 9-335,704.44,68.95,118
A 9-335,704.44,55.16,420
A 9-335,704.44,41.37,1687
A 9-335,815.56,27.58,249
A 9-335,815.56,13.79,10470
ABB,600,216.01,219
ABB,600,196.02,502.8
ABB,600,176.99,1568.7
ABB,600,156.99,5151
ABB,600,137,15467.9
ABB,600,117.97,37441
ABB,600,107.97,74753.6
ABB,600,97.97,121828.9
ABB,650,137,523.7
ABB,650,117.97,1748.3
ABB,650,97.97,5686.5
ABB,650,87.98,20155.1
ABB,650,77.98,36873.9
ABB,650,68.95,63534.9
ABB,650,61.02,91308.2
ABB,700,97.97,622.5
ABB,700,77.98,1127.5
ABB,700,68.95,8922.4
ABB,700,61.02,16983.9
ABB,700,53.02,19562.6
ABB,700,47.02,33021.8
ABB,700,40.95,46947.1
ABB,750,77.98,241.9
ABB,750,53.02,5082.8
ABB,750,47.02,11507.5
ABC,600,216.01,216
ABC,600,216.01,227.2
ABC,600,196.02,553.2
ABC,600,176.99,1538.4
ABC,600,156.99,4676.5
ABC,600,137,13612.2
ABC,600,117.97,41992.6
ABC,600,107.97,82804.4
ABC,625,176.99,321.2
ABC,650,137,496.8
ABC,650,117.97,1472.6
ABC,650,97.97,8534.8
ABC,650,87.98,19824.3
ABC,650,77.98,37563.4
ABC,650,69.02,64893
ABC,650,61.02,92853.1
ABC,675,117.97,695.4
ABC,700,97.97,449.6
ABC,700,97.97,528.4
ABC,700,77.98,3288
ABC,700,68.95,9322.3
ABC,700,61.02,15779.9
ABC,700,53.02,29158.4
ABC,700,47.02,32453.2
ABC,700,40.95,54922.8
ABC,725,77.98,1047.6
ABC,750,77.98,270.3
ABC,750,53.02,4781.3
ABC,750,47.02,10340
ABC,750,37.02,16330.2
ABD,600,234.97,141.3
ABD,600,216.01,254
ABD,600,196.02,629.9
ABD,600,176.99,1366
ABD,600,156.99,3493.7
ABD,600,137,8988
ABD,600,117.97,32370.2
ABD,600,107.97,81332.9
ABD,600,97.97,108314.4
ABD,650,137,453.2
ABD,650,117.97,1536.3
ABD,650,97.97,7111.4
ABD,650,87.98,24949.9
ABD,650,77.98,46981.6
ABD,700,97.97,554
ABD,700,77.98,4910.4
ABD,700,68.95,12646.9
ABD,700,61.02,31369
ABD,700,53.02,52880.3
ABD,700,47.02,62414.4
ABD,750,77.98,317.1
ABD,750,68.95,420
ABD,750,53.02,7648.5
ABD,750,47.02,14110.3
ABF,600,264.97,144.6
ABF,600,234.97,492.4
ABF,600,216.01,1039.3
ABF,600,196.02,2130.8
ABF,600,176.99,4582.6
ABF,600,156.99,10407.3
ABF,600,137,27356.1
ABF,600,127,39785.5
ABF,600,117.97,72667.6
ABF,600,107.97,141145.2
ABF,650,176.99,123.7
ABF,650,137,1151.1
ABF,650,117.97,4762.7
ABF,650,97.97,18800
ABF,650,87.98,28385.9
ABF,650,83.01,39371.9
ABF,650,77.98,63422
ABF,650,69.02,100483.2
ABF,700,117.97,218
ABF,700,97.97,1101.4
ABF,700,77.98,4879
ABF,700,68.95,12932.7
ABF,700,61.02,38588.3
ABF,700,53.02,60692
ABF,700,47.02,78060.6
ABF,750,77.98,372
ABF,750,68.95,1094.5
ABF,750,53.02,3584.6
ABF,750,47.02,8122
ABL,600,264.97,274.2
ABL,600,234.97,801.6
ABL,600,216.01,2118.6
ABL,600,196.02,9746.9
ABL,600,176.99,39181.5
ABL,600,156.99,59734
ABL,600,147,75452.5
ABL,600,137,102448.2
ABL,650,196.02,130
ABL,650,176.99,335.6
ABL,650,137,5146.7
ABL,650,117.97,12759
ABL,650,97.97,40870.3
ABL,650,87.98,51629
ABL,650,77.98,65773
ABL,700,137,123.2
ABL,700,117.97,315.7
ABL,700,97.97,1273
ABL,700,77.98,5012
ABL,700,68.95,17319.2
ABL,700,61.02,27741.6
ABL,700,57.02,36695.6
ABL,700,47.02,59176
ABL,750,77.98,575.8
ABL,750,68.95,1757
ABL,750,53.02,10151.9
ABL,750,47.02,16483
ABM,600,264.97,202.5
ABM,600,234.97,611.6
ABM,600,216.01,1545.8
ABM,600,196.02,6700.7
ABM,600,176.99,19171.9
ABM,600,156.99,48649.6
ABM,600,147,69250.2
ABM,600,137,87872.4
ABM,600,137,89175.8
ABM,650,196.02,132.6
ABM,650,176.99,343.8
ABM,650,137,4730
ABM,650,117.97,12156
ABM,650,97.97,26990.5
ABM,650,87.98,38341
ABM,650,77.98,52101
ABM,650,68.95,74499.5
ABM,700,117.97,259.9
ABM,700,97.97,1038.8
ABM,700,77.98,3991
ABM,700,68.95,10727.6
ABM,700,61.02,20090.3
ABM,700,57.02,28976
ABM,700,47.02,53990.8
ABM,750,77.98,401.6
ABM,750,68.95,1209.9
ABM,750,53.02,5636.6
ABM,750,47.02,10411
ABN,600,234.97,642.6
ABN,600,216.01,1593
ABN,600,216.01,2390.7
ABN,600,196.02,7062.2
ABN,600,176.99,20901.5
ABN,600,156.99,49531.7
ABN,600,147,68691.9
ABN,600,137,84158.7
ABN,625,176.99,4867.9
ABN,650,176.99,353.4
ABN,650,137,6064.8
ABN,650,117.97,12567
ABN,650,97.97,27157.5
ABN,650,87.98,39312.6
ABN,650,77.98,58991.8
ABN,650,68.95,74499.5
ABN,675,117.97,2124.1
ABN,700,97.97,1161.9
ABN,700,97.97,1204.8
ABN,700,77.98,4748.4
ABN,700,68.95,11268.2
ABN,700,61.02,21833.4
ABN,700,57.02,30971.8
ABN,700,47.02,55095.6
ABN,725,77.98,1803.6
ABN,750,77.98,487.9
ABN,750,53.02,4765.4
ABN,750,47.02,12075
AbW,450,373.01,21582
AbW,475,333,9468.5
AbW,475,294,23886
AbW,500,412,172.1
AbW,500,373.01,512.8
AbW,500,333,1925
AbW,500,294,6435.7
AbW,500,265,16411
AbW,500,235,45260
AbW,500,216,90106
AbW,525,265,4981.9
AbW,525,235,15811
AbW,525,196,71995
AbW,550,294,280
AbW,550,265,889.5
AbW,550,235,3261.9
AbW,550,235,3325.2
AbW,550,235,3472.4
AbW,550,216,7711.9
AbW,550,196,17181
AbW,550,177,45751
AbW,550,157,105000
AbW,575,157,21470
AbW,600,235,105.8
AbW,600,196,468.2
AbW,600,177,1478.5
AbW,600,157,2948.4
AbW,600,137,8679.8
AbW,650,137,414.6
AbW,650,98,7061.5
AbW,650,69,84194.3
AbW,675,98,1462.6
AbW,700,98,591
AbW,700,69,7684.7
AbW,700,41,51493
AbX,450,373.01,18338
AbX,450,294,103925
AbX,475,333,7552.1
AbX,475,294,21048
AbX,500,373.01,294
AbX,500,333,948.8
AbX,500,294,3529.2
AbX,500,265,10396.6
AbX,500,235,36020
AbX,500,216,95542
AbX,525,265,1708
AbX,525,235,6567.1
AbX,525,196,45172.2
AbX,550,265,300.9
AbX,550,235,1135.1
AbX,550,196,7704
AbX,550,177,27517.5
AbX,550,157,106000
AbX,575,157,14254.7
AbX,600,196,166.2
AbX,600,157,1691.3
AbX,600,137,8679.8
AbX,600,127,14102.7
AbX,600,98,85879
AbX,650,137,194.6
AbX,650,127,326.8
AbX,650,88,6057
AbX,650,69,24495
AbX,650,61,40871
AbX,675,98,1462.6
AbX,700,98,194.7
AbX,700,88,459.4
AbX,700,59,6239.4
AbX,700,41,31624.3
AbX,700,29,80490
Ardell-2%cw,704.44,137.9,305
Ardell-4%cw,704.44,137.9,193.7
Ardell-ann,704.44,137.9,291.5
"ASTM DS 5 S1,  CARD 9-184",648.89,158.58,301
"ASTM DS 5 S1,  CARD 9-184",648.89,137.9,650
"ASTM DS 5 S1,  CARD 9-184",704.44,117.21,102
"ASTM DS 5 S1,  CARD 9-184",704.44,89.63,985
"ASTM DS 5 S1,  CARD 9-215",648.89,151.68,184
"ASTM DS 5 S1,  CARD 9-215",648.89,124.11,995
"ASTM DS 5 S1,  CARD 9-215",648.89,96.53,10522
"ASTM DS 5 S1,  CARD 9-215",732.22,82.74,257
"ASTM DS 5 S1,  CARD 9-215",732.22,62.05,1668
"ASTM DS 5 S1,  CARD 9-215",732.22,51.71,4601
"ASTM DS 5 S1,  CARD 9-216",565.56,310.26,187
"ASTM DS 5 S1,  CARD 9-216",565.56,255.11,978
"ASTM DS 5 S1,  CARD 9-216",565.56,206.84,13629
"ASTM DS 5 S1,  CARD 9-216",565.56,186.16,32505
"ASTM DS 5 S1,  CARD 9-216",648.89,165.47,249
"ASTM DS 5 S1,  CARD 9-216",648.89,137.9,1596
"ASTM DS 5 S1,  CARD 9-216",648.89,113.76,3651
"ASTM DS 5 S1,  CARD 9-216",648.89,103.42,7473
"ASTM DS 5 S1,  CARD 9-216",732.22,82.74,486.6
"ASTM DS 5 S1,  CARD 9-216",732.22,58.61,3226
"ASTM DS 5 S1,  CARD 9-216",732.22,51.71,6439
"ASTM DS 5 S1,  CARD 9-216",732.22,39.99,30368
"ASTM DS 5 S1,  CARD 9-219",565.56,282.68,326.1
"ASTM DS 5 S1,  CARD 9-219",565.56,206.84,3127
"ASTM DS 5 S1,  CARD 9-219",565.56,186.16,4201
"ASTM DS 5 S1,  CARD 9-219",565.56,165.47,7863
"ASTM DS 5 S1,  CARD 9-219",648.89,151.68,260.7
"ASTM DS 5 S1,  CARD 9-219",648.89,137.9,1095
"ASTM DS 5 S1,  CARD 9-219",648.89,113.76,3873
"ASTM DS 5 S1,  CARD 9-219",648.89,106.87,9752
"ASTM DS 5 S1,  CARD 9-219",732.22,82.74,416
"ASTM DS 5 S1,  CARD 9-219",732.22,58.61,3776
"ASTM DS 5 S1,  CARD 9-219",732.22,48.26,8537
"ASTM DS 5 S1,  CARD 9-220",565.56,282.68,173.8
"ASTM DS 5 S1,  CARD 9-220",565.56,251.66,509.8
"ASTM DS 5 S1,  CARD 9-220",565.56,206.84,2362
"ASTM DS 5 S1,  CARD 9-220",565.56,186.16,4564
"ASTM DS 5 S1,  CARD 9-220",565.56,165.47,11858
"ASTM DS 5 S1,  CARD 9-220",648.89,186.16,211.9
"ASTM DS 5 S1,  CARD 9-220",648.89,151.68,742
"ASTM DS 5 S1,  CARD 9-220",648.89,137.9,1517
"ASTM DS 5 S1,  CARD 9-220",648.89,124.11,5597
"ASTM DS 5 S1,  CARD 9-220",648.89,113.76,10646
"ASTM DS 5 S1,  CARD 9-220",648.89,103.42,18208
"ASTM DS 5 S1,  CARD 9-220",732.22,103.42,202
"ASTM DS 5 S1,  CARD 9-220",732.22,82.74,882
"ASTM DS 5 S1,  CARD 9-220",732.22,68.95,3202
"ASTM DS 5 S1,  CARD 9-220",732.22,63.43,6551
"ASTM DS 5 S1,  CARD 9-220",732.22,62.05,7342
"ASTM DS 5 S1,  CARD 9-220",732.22,55.16,12529
"ASTM DS 5 S1,  CARD 9-316",593.33,171.68,357
"ASTM DS 5 S1,  CARD 9-316",593.33,144.79,1446
"ASTM DS 5 S1,  CARD 9-316",704.44,75.84,337
"ASTM DS 5 S1,  CARD 9-316",704.44,62.05,1227
"ASTM DS 5 S1,  CARD 9-316",815.56,36.54,332
"ASTM DS 5 S1,  CARD 9-316",815.56,28.96,1153
"ASTM DS 5 S1,  CARD 9-318",482.22,413.69,222
"ASTM DS 5 S1,  CARD 9-318",482.22,399.9,511
"ASTM DS 5 S1,  CARD 9-318",482.22,379.21,877
"ASTM DS 5 S1,  CARD 9-318",482.22,358.53,2546
"ASTM DS 5 S1,  CARD 9-318",593.33,241.32,137
"ASTM DS 5 S1,  CARD 9-318",593.33,206.84,553
"ASTM DS 5 S1,  CARD 9-318",593.33,186.16,1221
"ASTM DS 5 S1,  CARD 9-318",704.44,103.42,215
"ASTM DS 5 S1,  CARD 9-318",704.44,86.18,713
"ASTM DS 5 S1,  CARD 9-318",704.44,75.84,1429
"ASTM DS 5 S1,  CARD 9-318",815.56,55.16,109
"ASTM DS 5 S1,  CARD 9-318",815.56,48.26,320
"ASTM DS 5 S1,  CARD 9-318",815.56,34.47,2028
"ASTM DS 5 S1,  CARD 9-322",593.33,199.95,149
"ASTM DS 5 S1,  CARD 9-322",593.33,175.82,315
"ASTM DS 5 S1,  CARD 9-322",593.33,148.24,1596
"ASTM DS 5 S1,  CARD 9-322",648.89,137.9,158
"ASTM DS 5 S1,  CARD 9-322",648.89,110.32,620
"ASTM DS 5 S1,  CARD 9-322",704.44,89.63,195
"ASTM DS 5 S1,  CARD 9-322",704.44,75.84,498
"ASTM DS 5 S1,  CARD 9-322",704.44,68.95,1554
"ASTM DS 5 S1,  CARD 9-322",704.44,62.05,1741
"ASTM DS 5 S1,  CARD 9-322",815.56,27.58,1275
"ASTM DS 5 S1,  CARD 9-323",648.89,117.21,308
"ASTM DS 5 S1,  CARD 9-323",648.89,96.53,1002
"ASTM DS 5 S1,  CARD 9-323",648.89,82.74,3074
"ASTM DS 5 S1,  CARD 9-323",704.44,82.74,185
"ASTM DS 5 S1,  CARD 9-323",704.44,68.95,614
"ASTM DS 5 S1,  CARD 9-323",704.44,55.16,1958
"ASTM DS 5 S1,  CARD 9-323",704.44,39.99,8159
"ASTM DS 5 S1,  CARD 9-323",760,48.26,740
"ASTM DS 5 S1,  CARD 9-323",760,41.37,1112
"ASTM DS 5 S1,  CARD 9-323",760,34.47,3430
"ASTM DS 5 S1,  CARD 9-323",815.56,41.37,133
"ASTM DS 5 S1,  CARD 9-323",815.56,34.47,277
"ASTM DS 5 S1,  CARD 9-323",815.56,27.58,1092
Bernard,622.22,150.31,500
Bernard,722.22,51.02,4000
BSCC-1,600,185.47,379
BSCC-1,600,153.75,2283
BSCC-1,700,99.97,114
BSCC-1,700,77.22,469
BSCC-1,700,61.71,2464
BSCC-10,600,193.05,1618
BSCC-10,600,177.2,4988
BSCC-10,625,169.61,1375
BSCC-10,625,153.75,3728
BSCC-10,625,131.69,14555
BSCC-10,650,153.75,703
BSCC-10,650,131.69,2466
BSCC-11,600,193.05,1855
BSCC-11,600,177.2,3891
BSCC-11,625,169.61,1073
BSCC-11,625,153.75,2513
BSCC-11,625,131.69,6934
BSCC-11,650,153.75,432
BSCC-11,650,131.69,1319
BSCC-12,650,153.75,323
BSCC-12,650,123.42,1556
BSCC-12,650,93.08,15238
BSCC-13,550,278.55,200
BSCC-13,550,246.83,1009
BSCC-13,550,185.47,17085
BSCC-13,600,215.81,224
BSCC-13,600,185.47,773
BSCC-13,600,153.75,4800
BSCC-13,600,123.42,30607
BSCC-13,650,153.75,304
BSCC-13,650,123.42,1537
BSCC-14,550,278.55,257
BSCC-14,550,267.52,382
BSCC-14,550,231.66,1661
BSCC-14,600,201.33,190
BSCC-14,600,139.27,4283
BSCC-14,600,107.56,29742
BSCC-14,650,123.42,921
BSCC-14,650,93.08,8027
BSCC-14,650,77.22,16670
BSCC-15,550,262.69,103
BSCC-15,550,231.66,288
BSCC-15,550,185.47,2974
BSCC-15,550,153.75,10299
BSCC-15,600,139.27,1195
BSCC-15,600,107.56,7014
BSCC-15,650,123.42,247
BSCC-15,650,93.08,1456
BSCC-15,650,77.22,7276
BSCC-16,550,262.69,273
BSCC-16,550,231.66,848
BSCC-16,550,201.33,3032
BSCC-16,550,185.47,7936
BSCC-16,550,153.75,27568
BSCC-16,600,201.33,168
BSCC-16,650,153.75,100
BSCC-16,650,123.42,533
BSCC-16,650,92.39,3221
BSCC-16,650,77.22,14845
BSCC-2,600,215.81,1370
BSCC-2,600,185.47,4777
BSCC-2,700,99.97,391
BSCC-2,700,77.22,727
BSCC-2,700,61.71,5526
BSCC-3,600,193.05,7919
BSCC-3,600,177.2,16151
BSCC-3,625,169.61,6602
BSCC-3,625,153.75,12863
BSCC-3,625,131.69,25461
BSCC-3,650,153.75,2615
BSCC-3,650,131.69,7347
BSCC-4,600,193.05,196
BSCC-4,600,177.2,373
BSCC-4,625,169.61,145
BSCC-4,625,153.75,265
BSCC-4,625,131.69,904
BSCC-4,650,131.69,317
BSCC-5,600,193.05,14862
BSCC-5,625,169.61,7312
BSCC-5,625,153.75,14188
BSCC-5,625,131.69,30871
BSCC-5,650,153.75,2631
BSCC-5,650,131.69,6652
BSCC-6,600,193.05,1522
BSCC-6,600,177.2,4910
BSCC-6,625,169.61,1275
BSCC-6,625,153.75,3178
BSCC-6,625,131.69,13026
BSCC-6,650,153.75,423
BSCC-6,650,131.69,2111
BSCC-7,600,193.05,137
BSCC-7,600,177.2,269
BSCC-7,625,169.61,154
BSCC-7,625,153.75,170
BSCC-7,625,131.69,495
BSCC-7,650,131.69,145
BSCC-8,600,193.05,1955
BSCC-8,600,177.2,3977
BSCC-8,625,169.61,1725
BSCC-8,625,153.75,4325
BSCC-8,625,131.69,14159
BSCC-8,650,153.75,555
BSCC-8,650,131.69,1854
BSCC-9,625,153.75,2721
BSCC-9,625,131.69,13815
Bynum-A,843.33,27.58,849.8
Bynum-A,843.33,22.41,1695
Bynum-A,843.33,17.24,4041
Bynum-A,898.89,22.41,198.1
Bynum-A,898.89,17.24,655.1
Bynum-A,898.89,12.07,1983.5
Bynum-A,898.89,8.27,6454.9
Bynum-A,954.44,12.07,272.8
Bynum-A,954.44,8.27,2053
Bynum-A,954.44,6.89,4121.4
Bynum-A,954.44,4.83,6631.4
Bynum-C,843.33,27.58,1746.3
Bynum-C,843.33,22.41,4613.9
Bynum-C,843.33,19.99,7681.6
Bynum-C,843.33,17.24,13090
Bynum-C,898.89,27.58,240
Bynum-C,898.89,22.41,637.8
Bynum-C,898.89,17.24,1529.3
Bynum-C,898.89,10.34,3501.9
Bynum-C,898.89,12.07,6042.8
Bynum-C,954.44,17.24,143.1
Bynum-C,954.44,12.07,533
Bynum-C,954.44,8.27,1748.7
Bynum-C,954.44,6.89,5243.5
Bynum-Z,843.33,27.58,691.1
Bynum-Z,843.33,22.41,3232
Bynum-Z,843.33,17.24,5213
Bynum-Z,898.89,27.58,141.2
Bynum-Z,898.89,22.41,256.5
Bynum-Z,898.89,17.24,529.8
Bynum-Z,898.89,12.07,1416
Bynum-Z,898.89,8.27,10413
Bynum-Z,954.44,12.07,293.6
Bynum-Z,954.44,8.27,1687
Bynum-Z,954.44,6.89,3810
Bynum-Z,954.44,4.83,8153
C-804,537.78,275.79,435
C-804,593.33,220.63,210
C-804,593.33,206.84,432
C-804,593.33,186.16,1180
C-804,593.33,167.2,2090
C-804,593.33,151.68,4530
C-804,593.33,117.21,31770
C-804,593.33,110.32,33712
C-804,593.33,99.97,46400
C-804,621.11,137.9,2100
C-804,648.89,158.58,140
C-804,648.89,137.9,322
C-804,648.89,131,500
C-804,648.89,124.11,533
C-804,648.89,117.21,1470
C-804,648.89,103.42,2850
C-804,648.89,82.74,10039
C-804,648.89,68.95,20074
C-804,648.89,68.95,21985
C-804,648.89,72.39,26608
C-804,648.89,62.05,36614
C-804,676.67,137.9,105
C-804,760,34.47,4230
C-804,787.78,68.95,130
C-804,815.56,34.47,2710
C-804,871.11,34.47,226
C-804,926.67,27.58,105
ht206,550,289.99,140
ht206,550,280,150
ht206,550,250,310
ht206,550,250,410
ht206,550,250,1000
ht206,550,240.01,1005
ht206,550,234.97,1005
ht206,550,210.01,2900
ht206,550,210.01,4150
ht206,550,190.02,7600
ht206,550,194.98,8500
ht206,550,174.99,19000
ht206,550,170.02,20000
ht206,550,160.03,49000
ht206,600,200.02,190
ht206,600,180.02,480
ht206,600,149.96,2200
ht206,600,129.97,5500
ht206,600,125,8800
ht206,600,99.97,17000
ht206,650,139.96,150
ht206,650,129.97,250
ht206,650,129.97,480
ht206,650,119.97,520
ht206,650,109.97,960
ht206,650,99.97,2000
ht206,650,89.98,2900
ht206,650,79.98,6300
ht206,650,69.98,12000
ht206,650,59.98,30000
ht206,700,89.98,180
ht206,700,79.98,400
ht206,700,69.98,880
ht206,700,59.98,2050
ht206,700,49.99,6000
ht206,700,39.99,20000
ht206,750,59.98,200
ht206,750,49.99,440
ht206,750,39.99,1200
ht206,750,29.99,5100
ht25682,565.56,251.66,487
ht25682,565.56,206.84,3354
ht25682,565.56,186.16,12375
ht25682,648.89,151.68,469
ht25682,648.89,120.66,2968
ht25682,648.89,110.32,4036
ht25682,648.89,103.42,4672
ht25682,732.22,82.74,357
ht25682,732.22,68.95,1033
ht25682,732.22,62.05,2374
ht25682,732.22,51.71,5932
ht25682,815.56,44.82,460
ht25682,815.56,35.85,1873
ht25682,815.56,28.96,5105
ht25682 cw,565.56,296.47,285
ht25682 cw,565.56,262,1675
ht25682 cw,565.56,241.32,3059
ht25682 cw,565.56,220.63,10410
ht25682 cw,648.89,172.37,427
ht25682 cw,648.89,146.86,1678
ht25682 cw,648.89,137.9,1940
ht25682 cw,648.89,120.66,8919
ht25682 cw,648.89,103.42,16696
ht25682 cw,732.22,103.42,162
ht25682 cw,732.22,75.84,1728
ht25682 cw,732.22,62.05,8235
ht25682 cw,732.22,55.16,12238
ht25682 cw,815.56,51.71,549
ht25682 cw,815.56,44.82,956
ht25682 cw,815.56,37.92,3027
ht25682 cw,815.56,31.03,6456
ht300380,537.78,317.02,128.1
ht300380,593.33,240.97,102.8
ht300380,593.33,240.97,168.1
ht300380,593.33,240.97,323.3
ht300380,593.33,206.98,738.4
ht300380,593.33,206.98,741.5
ht300380,593.33,117,73435.1
ht300380,648.89,172.02,303.9
ht30107,704.44,103.42,105
ht30107,704.44,82.74,619
ht30107,704.44,68.95,2217
ht30107,815.56,41.37,348
ht30107,815.56,34.47,735
ht326,550,299.99,110
ht326,550,274.96,510
ht326,550,244.97,3400
ht326,600,240.01,190
ht326,600,220.01,510
ht326,600,200.02,1300
ht326,600,174.99,5100
ht326,650,180.02,105
ht326,650,160.03,270
ht326,650,119.97,3600
ht326,700,119.97,140
ht326,700,109.97,300
ht326,700,99.97,500
ht326,700,89.98,1500
ht326,700,79.98,1800
ht326,700,69.98,5100
ht326,700,65.02,7000
ht326,750,79.98,160
ht326,750,69.98,365
ht326,750,59.98,760
ht326,750,49.99,2200
ht337187,593.33,206.98,120.5
ht337187,593.33,117,22622.2
ht337330,537.78,317.02,186.9
ht337330,593.33,240.97,116.1
ht337330,593.33,240.97,133.1
ht337330,593.33,206.98,254.1
ht337330,593.33,206.98,355.3
ht337330,593.33,117,59899.3
ht55696,537.78,310.26,135
ht55696,537.78,310.26,142
ht55696,537.78,275.79,182
ht55696,537.78,275.79,209
ht55696,537.78,275.79,262
ht55696,537.78,241.32,1506
ht55696,537.78,206.84,4020
ht55696,537.78,172.37,7034
ht55696,593.33,206.84,196
ht55696,593.33,206.84,199
ht55696,593.33,144.79,230
ht55696,593.33,193.05,241
ht55696,593.33,172.37,372
ht55696,593.33,193.05,375
ht55696,593.33,182.71,440
ht55696,593.33,172.37,627
ht55696,593.33,172.37,629
ht55696,648.89,151.68,148
ht55696,648.89,137.9,217
ht55696,648.89,144.79,239
ht55696,648.89,137.9,258
ht55696,648.89,124.11,590
ht55696,648.89,110.32,625
ht60551,593.33,240.97,189.6
ht60551,593.33,240.97,257.4
ht60551,593.33,240.97,299.4
ht60551,593.33,206.98,1507.5
ht60551,593.33,206.98,1788.5
ht60551,593.33,172.02,19180.3
K44086ann,593.33,206.84,428
K44086mill,537.78,317.16,101.6
K44086mill,593.33,206.84,332
Klueh TS,482.22,441.26,1164.7
Klueh TS,482.22,441.26,1540.3
Klueh TS,482.22,441.26,2161.5
Klueh TS,482.22,413.69,2542.3
Klueh TS,537.78,399.9,105.5
Klueh TS,537.78,399.9,119.4
Klueh TS,537.78,379.21,193.3
Klueh TS,537.78,379.21,197.9
Klueh TS,537.78,379.21,207.4
Klueh TS,537.78,330.95,618.8
Klueh TS,537.78,330.95,689.8
Klueh TS,537.78,344.74,964.7
Klueh TS,537.78,330.95,1009.4
Klueh TS,537.78,330.95,1197.1
Klueh TS,537.78,310.26,1753.1
Klueh TS,537.78,310.26,1871.1
Klueh TS,593.33,275.79,427
Klueh TS,593.33,275.79,457.1
Klueh TS,593.33,275.79,515.9
Klueh TS,593.33,258.55,1125
Klueh TS,593.33,258.55,1208.3
Klueh TS,593.33,258.55,1275.2
Klueh TS,593.33,241.32,2246.3
Klueh TS,593.33,241.32,2420
M43484,815.56,41.37,410
M43484,815.56,27.58,3100
M43484,926.67,13.79,600
NIMS ABE,550,293.99,597.4
NIMS ABE,550,265.03,2045.8
NIMS ABE,550,234.97,6860
NIMS ABE,550,216.01,12913.1
NIMS ABE,550,195.95,25924.5
NIMS ABE,550,176.99,51731.6
NIMS ABE,600,234.97,231.9
NIMS ABE,600,216.01,478
NIMS ABE,600,216.01,524
NIMS ABE,600,196.02,990
NIMS ABE,600,196.02,1359
NIMS ABE,600,176.99,2218
NIMS ABE,600,156.99,5508
NIMS ABE,600,156.99,6099
NIMS ABE,600,137,11041
NIMS ABE,600,137,11330
NIMS ABE,600,117.97,43467
NIMS ABE,600,117.97,45329
NIMS ABE,600,107.97,98098.4
NIMS ABE,600,97.97,138879.8
NIMS ABE,650,137,642.6
NIMS ABE,650,117.97,2621.3
NIMS ABE,650,97.97,9064.2
NIMS ABE,650,97.97,13718.5
NIMS ABE,650,88.18,19480.9
NIMS ABE,650,88.18,23663.2
NIMS ABE,650,78.39,39560.4
NIMS ABE,650,78.39,44067.2
NIMS ABE,650,68.6,72573
NIMS ABE,650,60.74,100491
NIMS ABE,675,117.97,597.1
NIMS ABE,675,97.97,2746
NIMS ABE,700,97.97,579.2
NIMS ABE,700,97.97,842.8
NIMS ABE,700,77.98,3582
NIMS ABE,700,68.6,7042
NIMS ABE,700,68.6,10818
NIMS ABE,700,60.74,13820
NIMS ABE,700,60.74,18896
NIMS ABE,700,52.88,26679
NIMS ABE,700,52.88,31900
NIMS ABE,700,47.02,42495
NIMS ABE,700,41.16,58167
NIMS ABE,700,29.03,179368
NIMS ABE,725,77.98,1232
NIMS ABE,750,77.98,315.6
NIMS ABE,750,53.02,4232
NIMS ABE,750,47.02,8248
NIMS ABE,750,37.02,26501
NIMS ABE,775,61.02,676
NIMS ABE,775,53.02,1359
NIMS ABE,800,41.02,2217
ORNL-346845,537.78,317.16,334.9
ORNL-346845,537.78,317.16,420.3
ORNL-346845,593.33,241.32,247.7
ORNL-346845,593.33,241.32,287
ORNL-346845,593.33,206.84,1275.4
ORNL-346845,593.33,206.84,1459.6
ORNL-346845,593.33,172.37,14077
ORNL-346845,648.89,172.37,186.1
ORNL-346845,871.11,34.47,319.4
ORNL-346845,871.11,27.58,1831.9
ORNL-346845,871.11,24.13,2638
